timestamp_ns,visible_sequence,thermal_sequence,signed_skew_ns,person_count,hot_region_count,match_count,background_c,activation_c,maximum_matched_c,evidence,alert_state,transition,active,fusion_ms
153712330121318,3,0,915682,1,2,1,29.3705,33.3705,34.5368,1,candidate,none,0,0.266875
153712457126497,7,1,7156503,1,3,1,29.3854,33.3854,35.6796,1,active,activated,1,0.266291
153712585593718,11,2,12022282,1,3,1,29.408,33.408,35.5896,1,active,none,1,0.266
153712714580252,15,3,16369748,1,3,1,29.3528,33.3528,35.5264,1,active,none,1,0.26075
153712842066744,18,4,-11030744,1,3,1,29.3681,33.3681,35.4062,1,active,none,1,0.261334
153712970595653,22,5,-6226653,1,3,1,29.427,33.427,35.1102,1,active,none,1,0.261042
153713097106915,26,6,597085,1,2,1,29.3988,33.3988,33.9251,1,active,none,1,0.094792
153713225199928,30,7,5855072,1,2,1,29.4337,33.4337,35.1332,1,active,none,1,0.0875
153713353945108,34,8,10447892,1,3,1,29.4664,33.4664,35.1105,1,active,none,1,0.087208
153713484613246,38,9,13112754,1,3,1,29.4195,33.4195,35.0537,1,active,none,1,0.087792
153713609393383,41,10,-11673383,1,2,1,29.3802,33.3802,34.1703,1,active,none,1,0.086333
153713737575084,45,11,-6527084,1,3,1,29.4892,33.4892,34.1757,1,active,none,1,0.08575
153713865558868,49,12,-1186868,1,3,1,29.4895,33.4895,35.2121,1,active,none,1,0.3535
153713993098006,53,13,4603994,1,3,1,29.4554,33.4554,35.2076,1,active,none,1,0.088083
153714122423893,57,14,8612107,1,3,1,29.4532,33.4532,35.2021,1,active,none,1,0.088958
153714249085115,61,15,15299885,1,3,1,29.4291,33.4291,34.4624,1,active,none,1,0.089542
153714377021648,64,16,-12653648,1,3,1,29.4264,33.4264,35.3253,1,active,none,1,0.089542
153714505505640,68,17,-7800640,1,2,1,29.4368,33.4368,35.2841,1,active,none,1,0.120458
153714633256820,72,18,-2221820,1,2,1,29.3881,33.3881,35.1428,1,active,none,1,0.087208
153714761255041,76,19,3112959,1,3,1,29.4279,33.4279,34.1558,1,active,none,1,0.443625
153714888811096,80,20,8889904,1,3,1,29.5495,33.5495,34.2528,1,active,none,1,0.08575
153715017656171,84,21,13392829,1,3,1,29.584,33.584,34.1122,1,active,none,1,0.086916
153715144811184,87,22,-13774184,1,3,1,29.6673,33.6673,34.0098,1,active,none,1,0.088666
153715273161592,91,23,-8790592,1,3,1,29.719,33.719,33.864,1,active,none,1,0.086625
153715400603022,95,24,-2899022,1,3,1,29.7569,33.7569,33.9926,1,active,none,1,0.0875
153715529419223,99,25,1627777,1,3,1,29.7096,33.7096,33.8131,1,active,none,1,0.087792
153715658155068,103,26,6237932,1,2,1,29.7587,33.7587,35.1877,1,active,none,1,0.338041
153715785111894,107,27,12591106,1,2,1,29.6926,33.6926,35.253,1,active,none,1,0.086042
153715913468136,110,28,-15743136,1,2,1,29.7583,33.7583,35.5108,1,active,none,1,0.100625
153716041667753,114,29,-10608753,1,2,1,29.6832,33.6832,35.3346,1,active,none,1,0.1015
153716168708286,118,30,-4317286,1,2,1,29.802,33.802,35.2201,1,active,none,1,0.086916
153716296741945,122,31,987055,1,2,1,29.7212,33.7212,34.9053,1,active,none,1,0.083125
153716424955125,126,32,6101875,1,2,1,29.7191,33.7191,35.1436,1,active,none,1,0.370417
153716555559971,130,33,8723029,1,2,1,29.7581,33.7581,35.259,1,active,none,1,0.088666
153716681112005,134,34,16621995,1,2,1,29.8652,33.8652,35.2132,1,active,none,1,0.084291
153716807967934,137,35,-10266934,1,2,1,29.8394,33.8394,35.1274,1,active,none,1,0.086042
153716937145510,141,36,-6100510,1,2,1,29.7767,33.7767,35.0681,1,active,none,1,0.087792
153717064800877,145,37,-405877,1,2,1,29.6368,33.6368,35.2617,1,active,none,1,0.424375
153717195041432,149,38,2575568,1,2,1,29.6316,33.6316,35.1475,1,active,none,1,0.088375
153717322343298,153,39,8704702,1,2,1,29.6459,33.6459,35.2987,1,active,none,1,0.087208
153717451438624,157,40,12955376,1,2,1,29.5673,33.5673,35.3574,1,active,none,1,0.085458
153717577627345,160,41,-13255345,1,3,1,29.4987,33.4987,33.6266,1,active,none,1,0.105875
153717704719066,164,42,-7018066,1,3,1,29.4002,33.4002,33.66,1,active,none,1,0.088959
153717832565475,168,43,-1514475,1,3,1,29.3495,33.3495,33.5092,1,active,none,1,0.091
153717960256279,172,44,4117721,1,3,1,29.4107,33.4107,33.7282,1,active,none,1,0.42175
153718087671750,176,45,10032250,1,3,1,29.4074,33.4074,33.788,1,active,none,1,0.090417
153718216364430,180,46,14683570,1,3,1,29.3454,33.3454,33.6102,1,active,none,1,0.08925
153718344109193,183,47,-13070193,1,2,1,29.338,33.338,35.3638,1,active,none,1,0.238875
153718471896976,187,48,-7526976,1,2,1,29.3252,33.3252,35.4025,1,active,none,1,0.086041
153718599924364,191,49,-2221364,1,3,1,29.3224,33.3224,33.4667,1,active,none,1,0.08925
153718728166564,195,50,2868436,1,2,1,29.2081,33.2081,35.3547,1,active,none,1,0.087209
153718855580869,199,51,8788131,1,2,1,29.2489,33.2489,35.4627,1,active,none,1,0.088959
153718983772757,203,52,13932243,1,2,1,29.2385,33.2385,35.438,1,active,none,1,0.088375
153719111869124,206,53,-14155124,1,2,1,29.1587,33.1587,35.301,1,active,none,1,0.090417
153719240253970,210,54,-9213970,1,2,1,29.0029,33.0029,34.9346,1,active,none,1,0.396375
153719367865462,214,55,-3495462,1,2,1,29.0993,33.0993,35.0865,1,active,none,1,0.08925
153719495971308,218,56,1734692,1,2,1,29.0612,33.0612,35.0558,1,active,none,1,0.091
153719623215280,222,57,7821720,1,2,1,29.2604,33.2604,35.2126,1,active,none,1,0.090417
153719752203126,226,58,12165874,1,2,1,29.34,33.34,35.3266,1,active,none,1,0.090417
153719879699534,229,59,-15315534,1,2,1,29.3306,33.3306,35.2476,1,active,none,1,0.092459
153720007767902,233,60,-10041902,1,2,1,29.3044,33.3044,35.3117,1,active,none,1,0.370417
153720135486123,237,61,-4451123,1,2,1,29.2472,33.2472,35.2564,1,active,none,1,0.371583
153720263432427,241,62,937573,1,2,1,29.2483,33.2483,35.2483,1,active,none,1,0.088375
153720391364002,245,63,6338998,1,2,1,29.2635,33.2635,35.4778,1,active,none,1,0.431083
153720519885620,249,64,11064380,1,2,1,29.2735,33.2735,35.3123,1,active,none,1,0.105292
153720647075778,252,65,-16042778,1,2,1,29.3179,33.3179,35.3574,1,active,none,1,0.106166
153720774631395,256,66,-10262395,1,2,1,29.2143,33.2143,35.2787,1,active,none,1,0.088959
153720902820658,260,67,-5118658,1,2,1,29.3029,33.3029,35.2411,1,active,none,1,0.084
153721031365025,264,68,-330025,1,2,1,29.3872,33.3872,35.5129,1,active,none,1,0.083125
153721158695621,268,69,5673379,1,1,1,29.3957,33.3957,35.3535,1,active,none,1,0.080791
153721287409884,272,70,10293116,1,1,1,29.5044,33.5044,35.4973,1,active,none,1,0.983209
153721414722730,276,71,16328270,1,1,1,29.6355,33.6355,35.5987,1,active,none,1,0.366625
153721543758993,279,72,-12713993,1,1,1,29.7482,33.7482,35.4441,1,active,none,1,0.07875
153721671026298,283,73,-6654298,1,1,1,29.78,33.78,35.5486,1,active,none,1,0.081958
153721799083436,287,74,-1358436,1,2,1,29.834,33.834,35.6653,1,active,none,1,0.083125
153721926893532,291,75,4164468,1,2,1,29.7037,33.7037,35.451,1,active,none,1,0.103834
153722056033920,295,76,8356080,1,2,1,29.784,33.784,35.4761,1,active,none,1,0.107041
153722183030412,299,77,14697588,1,2,1,29.8998,33.8998,35.4537,1,active,none,1,0.08575
153722311244320,302,78,-13538320,1,1,1,29.9214,33.9214,35.5038,1,active,none,1,0.081083
153722438823125,306,79,-7784125,1,1,1,29.6185,33.6185,35.4793,1,active,none,1,0.080791
153722566897471,310,80,-2613471,1,1,1,29.4752,33.4752,35.4814,1,active,none,1,0.081958
153722694936525,314,81,2790475,1,1,1,29.4011,33.4011,35.3752,1,active,none,1,0.081667
153722822375184,318,82,8671816,1,1,1,29.257,33.257,35.3541,1,active,none,1,0.081666
153722950908176,322,83,13487824,1,1,1,29.2275,33.2275,35.3985,1,active,none,1,0.081958
153723079376127,325,84,-15007127,1,1,1,29.1836,33.1836,35.3101,1,active,none,1,0.081958
153723206549369,329,85,-8845369,1,1,1,29.174,33.174,35.3688,1,active,none,1,0.325208
153723334722298,333,86,-3684298,1,1,1,29.1809,33.1809,35.4178,1,active,none,1,0.243834
153723463077374,337,87,1292626,1,1,1,29.1372,33.1372,35.4767,1,active,none,1,0.389375
153723590392949,341,88,7312051,1,1,1,29.1397,33.1397,35.5106,1,active,none,1,0.392292
153723718739128,345,89,12298872,1,1,1,29.3007,33.3007,35.1057,1,active,none,1,0.081667
153723846118433,348,90,-15055433,1,1,1,29.3579,33.3579,34.0579,1,active,none,1,0.080209
153723974279863,352,91,-9887863,1,1,1,29.2377,33.2377,34.6401,1,active,none,1,0.081375
153724102000751,356,92,-4272751,1,1,1,28.9211,32.9211,34.974,1,active,none,1,0.081958
153724231326367,360,93,-268367,1,3,1,28.9016,32.9016,33.7686,1,active,none,1,0.084875
153724357727276,364,94,6641724,1,3,1,28.8275,32.8275,33.8642,1,active,none,1,0.347958
153724493717311,368,95,3986689,1,2,1,28.666,32.666,35.1329,1,active,none,1,0.353208
153724614347156,371,96,-16620156,1,2,1,28.7007,32.7007,35.1085,1,active,none,1,0.084875
153724742642731,375,97,-11583731,1,2,1,28.7947,32.7947,34.8955,1,active,none,1,0.102667
153724870393619,379,98,-6025619,1,2,1,28.8397,32.8397,34.7085,1,active,none,1,0.087792
153724997558257,383,99,166743,1,2,1,28.7973,32.7973,34.8689,1,active,none,1,0.085458
153725126073166,387,100,4963834,1,2,1,28.7933,32.7933,34.9065,1,active,none,1,0.086042
153725253656345,391,101,10714655,1,1,1,28.8479,32.8479,34.8407,1,active,none,1,0.088083
153725381806525,395,102,15897475,1,1,1,28.7614,32.7614,35.0469,1,active,none,1,0.084583
153725510140454,398,103,-12425454,1,1,1,28.7097,32.7097,35.0538,1,active,none,1,0.080792
153725638741113,402,104,-7678113,1,2,1,28.6309,32.6309,32.7893,1,active,none,1,0.086916
153725765742271,406,105,-1358271,1,2,1,28.5753,32.5753,34.8433,1,active,none,1,0.102084
153725894678639,410,106,3025361,1,2,1,28.5234,32.5234,34.63,1,active,none,1,0.086625
153726021598860,414,107,9449140,1,2,1,28.5155,32.5155,34.8355,1,active,none,1,0.383542
153726149913102,418,108,14455898,1,2,1,28.4682,32.4682,33.2435,1,active,none,1,0.08925
153726278465636,421,109,-14096636,1,2,1,28.4237,32.4237,33.1223,1,active,none,1,0.086917
153726405667752,425,110,-7963752,1,2,1,28.4295,32.4295,33.1899,1,active,none,1,0.088959
153726534199140,429,111,-3159140,1,2,1,28.4582,32.4582,33.1196,1,active,none,1,0.146416
153726662379507,433,112,1990493,1,2,1,28.3957,32.3957,33.1104,1,active,none,1,0.088667
153726789027166,437,113,8679834,1,2,1,28.3609,32.3609,33.0836,1,active,none,1,0.088083
153726917003513,441,114,14044487,1,2,1,28.2809,32.2809,35.0745,1,active,none,1,0.088375
153727047257338,444,115,-16220338,1,2,1,28.2955,32.2955,33.0318,1,active,none,1,0.086916
153727173717601,448,116,-9347601,1,2,1,28.2975,32.2975,33.2676,1,active,none,1,0.352042
153727300949322,452,117,-3244322,1,2,1,28.2445,32.2445,33.1885,1,active,none,1,0.0875
153727429954231,456,118,1087769,1,2,1,28.2166,32.2166,35.0379,1,active,none,1,0.356708
153727557689660,460,119,6681340,1,2,1,28.2462,32.2462,33.2319,1,active,none,1,0.087208
153727684938735,464,120,12762265,1,2,1,28.29,32.29,33.228,1,active,none,1,0.087792
153727813164457,467,121,-15436457,1,2,1,28.2777,32.2777,34.6687,1,active,none,1,0.086917
153727941087720,471,122,-10049720,1,2,1,28.1679,32.1679,34.6958,1,active,none,1,0.536667
153728069531462,475,123,-5158462,1,2,1,28.2579,32.2579,33.1042,1,active,none,1,0.088667
153728197983370,479,124,-280370,1,2,1,28.3114,32.3114,34.9639,1,active,none,1,0.08925
153728325699550,483,125,5339450,1,2,1,28.2547,32.2547,34.9107,1,active,none,1,0.08575
153728453437021,487,126,10934979,1,2,1,28.295,32.295,34.7921,1,active,none,1,0.086625
153728581460180,491,127,16243820,1,2,1,28.3027,32.3027,34.794,1,active,none,1,0.394042
153728711375818,494,128,-13651818,1,2,1,28.3615,32.3615,33.1268,1,active,none,1,0.090125
153728838017643,498,129,-6959643,1,2,1,28.3164,32.3164,33.3087,1,active,none,1,0.104125
153728965059927,502,130,-670927,1,2,1,28.3127,32.3127,34.708,1,active,none,1,0.088958
153729093005502,506,131,4721498,1,2,1,28.3073,32.3073,33.0798,1,active,none,1,0.088375
153729220627619,510,132,10442381,1,2,1,28.3139,32.3139,33.1772,1,active,none,1,0.089833
153729349800528,514,133,14590472,1,2,1,28.3397,32.3397,33.1861,1,active,none,1,0.090417
153729476263999,517,134,-11891999,1,2,1,28.4065,32.4065,33.1085,1,active,none,1,0.088083
153729604462741,521,135,-6758741,1,2,1,28.3446,32.3446,33.2163,1,active,none,1,0.357
153729733125233,525,136,-2089233,1,2,1,28.249,32.249,33.0078,1,active,none,1,0.421167
153729860599766,529,137,3768234,1,2,1,28.2442,32.2442,33.242,1,active,none,1,0.087209
153729989736946,533,138,7966054,1,2,1,28.2007,32.2007,33.0916,1,active,none,1,0.089542
153730116565147,537,139,14473853,1,2,1,28.3164,32.3164,33.1275,1,active,none,1,0.365166
153730246081639,540,140,-15126639,1,2,1,28.2452,32.2452,33.1465,1,active,none,1,0.240917
153730372580339,544,141,-8190339,1,2,1,28.2897,32.2897,33.199,1,active,none,1,0.086916
153730500655185,548,142,-2948185,1,2,1,28.2928,32.2928,33.1641,1,active,none,1,0.107625
153730629806219,552,143,1233781,1,2,1,28.2893,32.2893,33.1033,1,active,none,1,0.087792
153730756359232,556,144,8032768,1,2,1,28.2056,32.2056,33.1117,1,active,none,1,0.088375
153730884434161,560,145,13270839,1,2,1,28.2829,32.2829,32.8529,1,active,none,1,0.086333
153731012219028,563,146,-14502028,1,1,1,28.4035,32.4035,35.04,1,active,none,1,0.0875
153731141579333,567,147,-10520333,1,1,1,28.5166,32.5166,34.7209,1,active,none,1,0.08575
153731269213991,571,148,-4830991,1,1,1,28.931,32.931,34.5064,1,active,none,1,0.081958
153731398098004,575,149,-369004,1,1,1,29.1789,33.1789,34.829,1,active,none,1,0.096541
153731524630746,579,150,6430254,1,1,1,29.1734,33.1734,35.1209,1,active,none,1,0.095667
153731653771134,583,151,10613866,1,1,1,28.9696,32.9696,35.1711,1,active,none,1,0.094791
153731779970938,586,152,-15600938,1,1,1,28.9173,32.9173,34.7995,1,active,none,1,0.093625
153731908278764,590,153,-10576764,1,1,1,28.9189,32.9189,34.3576,1,active,none,1,0.081375
153732036301047,594,154,-5262047,1,1,1,28.8856,32.8856,34.5253,1,active,none,1,0.322
153732164567602,598,155,-197602,1,1,1,28.8729,32.8729,34.697,1,active,none,1,0.080208
153732294322532,602,156,3404468,1,1,1,28.9537,32.9537,34.938,1,active,none,1,0.081375
153732420657086,606,157,10391914,1,1,1,29.2059,33.2059,34.9872,1,active,none,1,0.081375
153732549007932,610,158,15387068,1,1,1,29.3721,33.3721,34.9288,1,active,none,1,0.07875
153732676300758,613,159,-11929758,1,1,1,29.2997,33.2997,35.0561,1,active,none,1,0.319667
153732804725583,617,160,-7021583,1,1,1,29.3682,33.3682,34.9617,1,active,none,1,0.081958
153732932301617,621,161,-1264617,1,1,1,29.2686,33.2686,35.0511,1,active,none,1,0.081083
153733059453859,625,162,4916141,1,1,1,29.2723,33.2723,34.9544,1,active,none,1,0.080792
153733188094476,629,163,9615524,1,2,1,29.2524,33.2524,34.8675,1,active,none,1,0.084292
153733315816197,633,164,15224803,1,2,1,29.3025,33.3025,35.1062,1,active,none,1,0.336875
153733444693939,636,165,-13642939,1,2,1,29.306,33.306,35.2182,1,active,none,1,0.096541
153733571740014,640,166,-7346014,1,2,1,29.2867,33.2867,35.3463,1,active,none,1,0.480375
153733699624194,644,167,-1922194,1,2,1,29.2497,33.2497,35.3627,1,active,none,1,0.085167
153733828195978,648,168,2844022,1,2,1,29.1713,33.1713,35.2897,1,active,none,1,0.1015
153733955738761,652,169,8654239,1,2,1,29.1183,33.1183,35.4765,1,active,none,1,0.107625
153734083140378,656,170,14562622,1,2,1,29.0278,33.0278,35.6258,1,active,none,1,0.0875
153734211952933,659,171,-14246933,1,2,1,28.883,32.883,35.5604,1,active,none,1,0.087791
153734339869341,663,172,-8831341,1,2,1,28.7884,32.7884,35.6261,1,active,none,1,0.584208
153734468649813,667,173,-4278813,1,2,1,28.7249,32.7249,34.1631,1,active,none,1,0.357292
153734595823930,671,174,1882070,1,2,1,28.6539,32.6539,35.5896,1,active,none,1,0.087209
153734723146797,675,175,7804203,1,2,1,28.5147,32.5147,34.4644,1,active,none,1,0.08925
153734851694372,679,176,12684628,1,2,1,28.549,32.549,34.2514,1,active,none,1,0.090125
153734979679031,682,177,-15308031,1,2,1,28.5828,32.5828,34.0366,1,active,none,1,0.088959
153735107051335,686,178,-9316335,1,2,1,28.5647,32.5647,33.7315,1,active,none,1,0.090125
153735235920911,690,179,-4865911,1,2,1,28.6524,32.6524,35.4999,1,active,none,1,0.088083
153735369415008,694,180,-5130008,1,2,1,28.7409,32.7409,35.57,1,active,none,1,0.088958
153735496696895,698,181,1031105,1,2,1,28.8955,32.8955,35.6567,1,active,none,1,0.088083
153735619028470,702,182,12032530,1,2,1,28.9134,32.9134,35.6808,1,active,none,1,0.086625
153735747080212,705,183,-16022212,1,2,1,29.0323,33.0323,35.8102,1,active,none,1,0.088958
153735874927204,709,184,-10536204,1,2,1,29.0115,33.0115,35.589,1,active,none,1,0.087792
153736003071696,713,185,-5343696,1,3,1,29.238,33.238,35.4176,1,active,none,1,0.363709
153736131555980,717,186,-499980,1,3,1,29.2206,33.2206,35.3967,1,active,none,1,0.35875
153736259823701,721,187,4462299,1,3,1,29.2194,33.2194,35.3424,1,active,none,1,0.105584
153736390805089,725,188,6921911,1,2,1,29.245,33.245,35.3696,1,active,none,1,0.166542
153736524885728,729,189,6152272,1,2,1,29.1838,33.1838,35.9822,1,active,none,1,0.423208
153736647468573,732,190,-16409573,1,2,1,29.1609,33.1609,36.3348,1,active,none,1,0.088375
153736770965211,736,191,-6679211,1,2,1,29.1298,33.1298,36.539,1,active,none,1,0.102666
153736900085328,740,192,-2360328,1,2,1,29.1354,33.1354,36.4729,1,active,none,1,0.358458
153737026695216,744,193,4254784,1,2,1,29.1319,33.1319,34.0526,1,active,none,1,0.086916
153737155360770,748,194,9013230,1,3,1,29.1607,33.1607,35.321,1,active,none,1,0.091
153737282869866,752,195,14836134,1,4,1,29.0745,33.0745,34.2161,1,active,none,1,0.441
153737411103171,755,196,-13373171,1,4,1,29.0246,33.0246,34.1838,1,active,none,1,0.448
153737539179121,759,197,-8130121,1,3,1,28.9672,32.9672,34.147,1,active,none,1,0.091583
153737667073072,763,198,-2681072,1,3,1,28.9155,32.9155,34.2355,1,active,none,1,0.091583
153737795319793,767,199,2408207,1,3,1,28.8984,32.8984,34.2084,1,active,none,1,0.093041
153737922941764,771,200,8117236,1,3,1,28.7679,32.7679,35.3229,1,active,none,1,0.107333
153738051527110,775,201,12868890,1,4,1,28.7805,32.7805,35.2073,1,active,none,1,0.091875
153738178933394,778,202,-14547394,1,2,1,28.7834,32.7834,35.2798,1,active,none,1,0.359041
153738306102698,782,203,-8376698,1,2,1,28.6974,32.6974,35.3323,1,active,none,1,0.08925
153738436962920,786,204,-5899920,1,2,1,28.773,32.773,35.4402,1,active,none,1,0.089541
153738562264120,790,205,2128880,1,4,1,28.8856,32.8856,35.6703,1,active,none,1,0.095083
153738690715195,794,206,7012805,1,3,1,28.827,32.827,35.7154,1,active,none,1,0.092458
153738819427854,798,207,11630146,1,3,1,28.984,32.984,34.6855,1,active,none,1,0.091584
153738947189826,801,208,-16151826,1,3,1,29.1322,33.1322,35.5777,1,active,none,1,0.091
153739074141692,805,209,-9767692,1,3,1,29.2594,33.2594,35.5198,1,active,none,1,0.089834
153739203046705,809,210,-5340705,1,3,1,29.3393,33.3393,34.64,1,active,none,1,0.089834
153739329800239,813,211,1259761,1,3,1,29.2842,33.2842,34.6491,1,active,none,1,0.088958
153739458541043,817,212,5830957,1,3,1,29.1951,33.1951,34.7269,1,active,none,1,0.090708
153739586803077,821,213,10901923,1,2,1,29.2082,33.2082,35.3717,1,active,none,1,0.364
153739714175819,824,214,-16445819,1,2,1,29.1554,33.1554,34.8476,1,active,none,1,0.101208
153739843039415,828,215,-11995415,1,2,1,29.2016,33.2016,34.9397,1,active,none,1,0.494666
153739970563678,832,216,-6192678,1,2,1,29.2302,33.2302,35.5311,1,active,none,1,0.08925
153740098106462,836,217,-402462,1,2,1,29.1016,33.1016,34.9376,1,active,none,1,0.08925
153740227159350,840,218,3876650,1,2,1,29.1658,33.1658,35.1449,1,active,none,1,0.088667
153740354762654,844,219,9610346,1,2,1,29.074,33.074,35.0426,1,active,none,1,0.088666
153740485333084,848,220,12391916,1,2,1,29.0625,33.0625,34.8949,1,active,none,1,0.359625
153740610520076,851,221,-12791076,1,2,1,29.064,33.064,34.9549,1,active,none,1,0.090416
153740738286276,855,222,-7226276,1,2,1,29.0561,33.0561,34.8707,1,active,none,1,0.089834
153740865915831,859,223,-1527831,1,2,1,29.0458,33.0458,35.2185,1,active,none,1,0.090125
153740993653447,863,224,4053553,1,2,1,29.034,33.034,35.191,1,active,none,1,0.090125
153741122395585,867,225,8656415,1,2,1,29.1421,33.1421,35.3724,1,active,none,1,0.091
153741250696723,871,226,13696277,1,2,1,29.1736,33.1736,35.3613,1,active,none,1,0.090416
153741377379382,874,227,-13003382,1,2,1,29.2525,33.2524,34.9138,1,active,none,1,0.089541
153741506858395,878,228,-9121395,1,2,1,29.2834,33.2834,34.9438,1,active,none,1,0.091
153741634463449,882,229,-3412449,1,2,1,29.2156,33.2156,34.8231,1,active,none,1,0.090125
153741762065587,886,230,2306413,1,2,1,29.2961,33.2961,34.863,1,active,none,1,0.08925
153741893395079,890,231,4224921,1,2,1,29.3109,33.3109,34.9451,1,active,none,1,0.088667
153742021919905,894,232,9145095,1,2,1,29.3469,33.3469,34.7605,1,active,none,1,0.087209
153742150395626,898,233,13974374,1,2,1,29.3534,33.3534,34.8326,1,active,none,1,0.087208
153742273852347,901,234,-9457347,1,2,1,29.4006,33.4007,34.8491,1,active,none,1,0.088667
153742409539923,905,235,-11834923,1,2,1,29.4016,33.4016,35.3927,1,active,none,1,0.086333
153742532042435,909,236,-979435,1,2,1,29.3447,33.3447,35.3267,1,active,none,1,0.090125
153742657645802,913,237,6724198,1,2,1,29.3237,33.3237,34.8898,1,active,none,1,0.365459
153742785594440,917,238,12111560,1,2,1,29.4417,33.4417,35.0344,1,active,none,1,0.090125
153742913304203,920,239,-15570203,1,2,1,29.3617,33.3617,34.9862,1,active,none,1,0.090125
153743041271070,924,240,-10201070,1,2,1,29.345,33.345,35.4276,1,active,none,1,0.088958
153743169535729,928,241,-5154729,1,2,1,29.3311,33.3311,34.7977,1,active,none,1,0.363709
153743298919950,932,242,-1214950,1,2,1,29.255,33.255,34.7795,1,active,none,1,0.08925
153743426085317,936,243,4955683,1,2,1,29.2266,33.2266,34.8624,1,active,none,1,0.088083
153743554148726,940,244,10223274,1,2,1,29.2625,33.2625,35.0147,1,active,none,1,0.107916
153743680944843,943,245,-16570843,1,2,1,29.2245,33.2245,35.1053,1,active,none,1,0.429041
153743809960835,947,246,-12230835,1,2,1,29.3822,33.3822,35.0843,1,active,none,1,0.406292
153743937604098,951,247,-6566098,1,2,1,29.3944,33.3944,35.1782,1,active,none,1,0.105
153744065205652,955,248,-811652,1,2,1,29.3246,33.3246,35.0296,1,active,none,1,0.08925
153744192573290,959,249,5155710,1,2,1,29.3019,33.3019,34.987,1,active,none,1,0.089834
153744322953699,963,250,8108301,1,2,1,29.2742,33.2742,34.9733,1,active,none,1,0.090125
153744455412087,967,251,8981913,1,2,1,29.2617,33.2617,34.8641,1,active,none,1,0.10675
153744577719599,970,252,-13344599,1,2,1,29.1714,33.1714,34.9144,1,active,none,1,0.088959
153744705652779,974,253,-7944779,1,2,1,29.1363,33.1363,34.9219,1,active,none,1,0.090417
153744832615729,978,254,-1577729,1,2,1,29.2255,33.2255,34.9024,1,active,none,1,0.089834
153744960786471,982,255,3585529,1,2,1,29.0969,33.0969,34.8729,1,active,none,1,0.089833
153745089162692,986,256,8543308,1,2,1,29.055,33.055,34.8009,1,active,none,1,0.088083
153745217681247,990,257,13379753,1,2,1,29.2461,33.2461,34.872,1,active,none,1,0.091
153745345636010,993,258,-14597010,1,2,1,29.2412,33.2412,34.8074,1,active,none,1,0.088958
153745473549064,997,259,-9178064,1,2,1,29.1963,33.1963,34.8594,1,active,none,1,0.439541
153745600886223,1001,260,-3179223,1,2,1,29.1692,33.1692,34.8673,1,active,none,1,0.091875
153745729047194,1005,261,1989806,1,2,1,29.2959,33.2959,34.8395,1,active,none,1,0.093625
153745857430999,1009,262,6965001,1,2,1,29.2549,33.2549,34.7752,1,active,none,1,0.08925
153745984942282,1013,263,12789718,1,3,1,29.1403,33.1403,34.5372,1,active,none,1,0.091583
153746112814358,1016,264,-15110358,1,2,1,29.0878,33.0878,34.3385,1,active,none,1,0.090416
153746240802079,1020,265,-9740079,1,2,1,29.0026,33.0026,34.7543,1,active,none,1,0.091
153746368664529,1024,266,-4288529,1,2,1,28.9849,32.9849,34.218,1,active,none,1,0.088666
153746496782334,1028,267,924666,1,2,1,28.9576,32.9576,34.3185,1,active,none,1,0.357584
153746624632243,1032,268,6406757,1,2,1,28.7752,32.7752,34.2973,1,active,none,1,0.091875
153746756965068,1036,269,7427932,1,2,1,28.5178,32.5178,34.7844,1,active,none,1,0.106458
153746880622706,1039,270,-16247706,1,2,1,28.4333,32.4333,33.9169,1,active,none,1,0.095375
153747008620198,1043,271,-10915198,1,2,1,28.3195,32.3195,34.7345,1,active,none,1,0.108208
153747136793857,1047,272,-5755857,1,2,1,28.2426,32.2426,32.5051,1,active,none,1,0.094209
153747265374390,1051,273,-1003390,1,2,1,28.2036,32.2036,34.56,1,active,none,1,0.095083
153747392201715,1055,274,5503285,1,2,1,28.2024,32.2024,34.6268,1,active,none,1,0.093917
153747520162458,1059,275,10875542,2,2,1,28.1813,32.1813,34.6308,1,active,none,1,0.515375
153747648746533,1063,276,15627467,2,2,1,28.1523,32.1523,32.4442,1,active,none,1,0.094209
153747776699837,1066,277,-12304837,1,2,1,28.0808,32.0808,34.7128,1,active,none,1,0.093625
153747904759059,1070,278,-7054059,1,2,1,28.1738,32.1738,32.444,1,active,none,1,0.093916
153748032740655,1074,279,-1691655,1,2,1,28.2358,32.2358,32.5249,1,active,none,1,0.091291
153748160353584,1078,280,4042416,1,2,1,28.2336,32.2336,34.8744,1,active,none,1,0.104708
153748288037389,1082,281,9691611,1,2,1,28.1355,32.1355,34.6154,1,active,none,1,0.11025
153748416080235,1086,282,14961765,2,2,1,28.1539,32.1539,32.6157,1,active,none,1,0.093917
153748544990060,1089,283,-13949060,1,2,1,28.2401,32.2401,34.7318,1,active,none,1,0.095958
153748672585198,1093,284,-8211198,1,2,1,28.3186,32.3186,32.5203,1,active,none,1,0.093042
153748801692190,1097,285,-3987190,1,2,1,28.3251,32.3251,32.5766,1,active,none,1,0.09275
153748928052849,1101,286,3004151,1,2,1,28.2475,32.2475,34.8258,1,active,none,1,0.092458
153749056173570,1105,287,8202430,1,2,1,28.2295,32.2295,34.8151,1,active,none,1,0.094792
153749184605791,1109,288,13098209,1,2,1,28.2013,32.2013,34.6993,1,active,none,1,0.376833
153749312656367,1112,289,-14926367,1,2,1,28.1978,32.1978,32.4738,1,active,none,1,0.382084
153749439969900,1116,290,-8916900,1,2,1,28.1969,32.1969,34.6821,1,active,none,1,0.093917
153749568675851,1120,291,-4304851,1,2,1,28.2411,32.2411,32.5607,1,active,none,1,0.094208
153749696058509,1124,292,1646491,1,2,1,28.2003,32.2003,32.5131,1,active,none,1,0.094792
153749824014731,1128,293,7045269,1,2,1,28.1722,32.1722,34.7759,1,active,none,1,0.450042
153749952491723,1132,294,11794277,1,2,1,28.1612,32.1612,34.7673,1,active,none,1,0.44275
153750079525548,1135,295,-15132548,1,2,1,28.2049,32.2049,32.5462,1,active,none,1,0.093625
153750208397894,1139,296,-10678894,1,2,1,28.2189,32.2189,32.5174,1,active,none,1,0.096833
153750335807095,1143,297,-4746095,1,2,1,28.2042,32.2042,32.6537,1,active,none,1,0.092458
153750463700608,1147,298,686392,1,2,1,28.2755,32.2755,32.7669,1,active,none,1,0.108208
153750591845974,1151,299,5888026,1,2,1,28.2319,32.2319,32.835,1,active,none,1,0.09275
153750720133238,1155,300,10907762,1,2,1,28.2708,32.2708,32.7832,1,active,none,1,0.095958
153750848330521,1159,301,16040479,1,2,1,28.2964,32.2964,32.6544,1,active,none,1,0.094792
153750975989534,1162,302,-11598534,1,2,1,28.2784,32.2784,34.7784,1,active,none,1,0.092458
153751103931901,1166,303,-6202901,1,2,1,28.3379,32.3379,34.7495,1,active,none,1,0.094792
153751231529664,1170,304,-467664,1,2,1,28.3365,32.3365,34.6861,1,active,none,1,0.095084
153751360393698,1174,305,3988302,1,2,1,28.269,32.269,34.6151,1,active,none,1,0.095667
153751488268106,1178,306,9459894,1,2,1,28.2564,32.2564,32.4834,1,active,none,1,0.093042
153751615959827,1182,307,15078173,1,2,1,28.2643,32.2643,32.5713,1,active,none,1,0.092167
153751744515278,1185,308,-13475278,1,2,1,28.232,32.232,32.4477,1,active,none,1,0.093917
153751871907270,1189,309,-7532270,1,2,1,28.2119,32.2119,34.7536,1,active,none,1,0.380334
153752000139845,1193,310,-2519845,1,2,1,28.1475,32.1475,34.6345,1,active,none,1,0.093625
153752128191587,1197,311,2849413,1,2,1,28.203,32.203,34.6752,1,active,none,1,0.092166
153752256653267,1201,312,7719733,1,2,1,28.2327,32.2327,34.6675,1,active,none,1,0.095667
153752383615050,1205,313,14090950,1,2,1,28.2111,32.2111,34.6936,1,active,none,1,0.380041
153752511412459,1208,314,-13684459,1,2,1,28.1659,32.1659,32.3828,1,active,none,1,0.095083
153752639190764,1212,315,-8130764,1,2,1,28.1782,32.1782,32.4137,1,active,none,1,0.093334
153752768395756,1216,316,-4011756,1,2,1,28.2235,32.2235,32.3734,1,active,none,1,0.093042
153752895416164,1220,317,2312836,1,2,1,28.2059,32.2059,34.6663,1,active,none,1,0.091584
153753024061011,1224,318,6981989,1,2,1,28.2527,32.2527,32.4722,1,active,none,1,0.095083
153753151514106,1228,319,12858894,1,2,1,28.1968,32.1968,32.5384,1,active,none,1,0.44625
153753279499932,1231,320,-15103932,1,2,1,28.2359,32.2359,32.6353,1,active,none,1,0.092458
153753409047341,1235,321,-11319341,1,2,1,28.2878,32.2878,34.6044,1,active,none,1,0.09275
153753534921937,1239,322,-3880937,1,2,1,28.3058,32.3058,32.5255,1,active,none,1,0.0945
153753663101575,1243,323,1273425,1,1,1,28.3483,32.3483,34.6878,1,active,none,1,0.369833
153753791251775,1247,324,6453225,1,2,1,28.2445,32.2445,32.5078,1,active,none,1,0.093042
153753920104455,1251,325,10932545,1,2,1,28.2527,32.2527,34.5732,1,active,none,1,0.495834
153754047126030,1254,326,-16064030,1,2,1,28.2157,32.2157,32.5891,1,active,none,1,0.093333
153754175297501,1258,327,-10901501,1,2,1,28.1721,32.1721,34.5751,1,active,none,1,0.093334
153754303574118,1262,328,-5845118,1,2,1,28.1689,32.1689,34.7099,1,active,none,1,0.095667
153754431117048,1266,329,-64048,1,2,1,28.1086,32.1086,34.5632,1,active,none,1,0.093625
153754559451706,1270,330,4920294,1,2,1,28.1158,32.1158,32.6769,1,active,none,1,0.163916
153754691245241,1274,331,6459759,1,2,1,28.1263,32.1263,34.5905,1,active,none,1,0.384708
153754815685857,1278,332,15356143,1,2,1,28.22,32.22,34.5425,1,active,none,1,0.095666
153754943915370,1281,333,-12853370,1,2,1,28.2017,32.2017,34.5486,1,active,none,1,0.091292
153755073229591,1285,334,-8844591,1,2,1,28.249,32.249,34.6949,1,active,none,1,0.095083
153755199398333,1289,335,-1670333,1,2,1,28.2523,32.2523,34.7402,1,active,none,1,0.094209
153755327068867,1293,336,3993133,1,2,1,28.1506,32.1506,34.5876,1,active,none,1,0.111709
153755462074089,1297,337,2311911,1,2,1,28.1667,32.1667,32.5519,1,active,none,1,0.095375
153755585236913,1301,338,12494087,1,2,1,28.1408,32.1408,34.6316,1,active,none,1,0.110541
153755710954739,1304,339,-13245739,1,2,1,28.112,32.112,34.5834,1,active,none,1,0.445375
153755839085231,1308,340,-8045231,1,2,1,28.0846,32.0846,32.3017,1,active,none,1,0.091875
153755967410702,1312,341,-3034702,1,2,1,28.1662,32.1662,34.6106,1,active,none,1,0.095958
153756094488860,1316,342,3240140,1,2,1,28.1542,32.1542,32.4251,1,active,none,1,0.109084
153756222560290,1320,343,8501710,1,2,1,28.2014,32.2014,32.3628,1,active,none,1,0.093917
153756351435407,1324,344,12960593,1,2,1,28.1843,32.1843,34.735,1,active,none,1,0.093916
153756478658524,1327,345,-14283524,1,2,1,28.1752,32.1752,34.7249,1,active,none,1,0.091875
153756606299891,1331,346,-8591891,1,2,1,28.1944,32.1944,32.4059,1,active,none,1,0.0945
153756734937300,1335,347,-3897300,1,2,1,28.1434,32.1434,32.3117,1,active,none,1,0.094792
153756863452063,1339,348,944937,1,2,1,28.1352,32.1352,32.4174,1,active,none,1,0.096542
153756991207617,1343,349,6511383,1,2,1,28.1861,32.1861,34.6377,1,active,none,1,0.0945
153757120307901,1347,350,10754099,1,2,1,28.1222,32.1222,34.6648,1,active,none,1,0.09625
153757247484206,1350,351,-16443206,1,2,1,28.132,32.132,34.7808,1,active,none,1,0.095667
153757374831281,1354,352,-10459281,1,2,1,28.1098,32.1098,34.6475,1,active,none,1,0.38325
153757502888127,1358,353,-5183127,1,2,1,28.1824,32.1824,34.7434,1,active,none,1,0.093625
153757631145932,1362,354,-103932,1,2,1,28.1504,32.1504,34.6898,1,active,none,1,0.09625
153757758946695,1366,355,5426305,1,2,1,28.2156,32.2156,32.6149,1,active,none,1,0.094208
153757886290270,1370,356,11418730,1,2,1,28.2011,32.2011,32.5045,1,active,none,1,0.109959
153758015009637,1374,357,16054363,1,3,1,28.236,32.236,34.4768,1,active,none,1,0.092459
153758142864358,1377,358,-11826358,1,3,1,28.2234,32.2234,32.4393,1,active,none,1,0.097125
153758270820579,1381,359,-6427579,1,2,1,28.2042,32.2042,34.9932,1,active,none,1,0.114041
153758398555572,1385,360,-827572,1,1,1,28.4682,32.4682,34.8615,1,active,none,1,0.08925
153758527042918,1389,361,3999082,1,3,1,28.7432,32.7432,34.2809,1,active,none,1,0.093917
153758654876201,1393,362,9518799,1,3,1,28.8025,32.8025,34.146,1,active,none,1,0.093333
153758783190589,1397,363,14529411,1,3,1,28.9467,32.9467,34.857,1,active,none,1,0.26425
153758911129456,1400,364,-13398456,1,3,1,28.8484,32.8484,34.7335,1,active,none,1,0.095083
153759038699219,1404,365,-7658219,1,3,1,28.9023,32.9023,34.7408,1,active,none,1,0.0945
153759166906128,1408,366,-2521128,1,3,1,28.9965,32.9965,34.9167,1,active,none,1,0.253458
153759295131412,1412,367,2582588,1,3,1,28.9768,32.9768,34.9273,1,active,none,1,0.376833
153759422762570,1416,368,8276430,1,3,1,29.0014,33.0014,35.01,1,active,none,1,0.093917
153759550829041,1420,369,13545959,1,3,1,28.9868,32.9868,34.8417,1,active,none,1,0.095375
153759678081617,1423,370,-13704617,1,2,1,28.9797,32.9797,34.9467,1,active,none,1,0.089833
153759806262858,1427,371,-8554858,1,3,1,28.9487,32.9487,34.6686,1,active,none,1,0.093625
153759934561059,1431,372,-3520059,1,3,1,28.8835,32.8835,34.8558,1,active,none,1,0.174417
153760074196782,1435,373,-9821782,1,3,1,28.9293,32.9293,34.6417,1,active,none,1,0.383541
153760191987397,1439,374,5718603,1,2,1,28.7991,32.7991,34.9331,1,active,none,1,0.091
153760318157743,1443,375,12884257,1,2,1,28.8983,32.8983,34.9551,1,active,none,1,0.093041
153760446120090,1446,376,-15059090,1,2,1,28.9237,32.9237,34.9429,1,active,none,1,0.090125
153760574762790,1450,377,-10388790,1,2,1,29.0464,33.0464,35.1583,1,active,none,1,0.091583
153760704376699,1454,378,-6650699,1,2,1,29.2134,33.2134,35.1625,1,active,none,1,0.108209
153760830660941,1458,379,380059,1,2,1,29.2051,33.2051,35.0646,1,active,none,1,0.088666
153760958435016,1462,380,5960984,1,2,1,29.1889,33.1889,34.9637,1,active,none,1,0.092166
153761087601071,1466,381,10019929,1,2,1,29.4023,33.4023,34.9411,1,active,none,1,0.091291
153761214263604,1469,382,-16557604,1,2,1,29.5256,33.5256,34.9274,1,active,none,1,0.091291
153761342163284,1473,383,-11124284,1,2,1,29.6868,33.6868,35.0167,1,active,none,1,0.089834
153761470595797,1477,384,-6222797,1,2,1,29.7036,33.7036,35.0769,1,active,none,1,0.088959
153761598201289,1481,385,-494289,1,2,1,29.8045,33.8045,35.145,1,active,none,1,0.105292
153761726214968,1485,386,4827032,1,2,1,29.84,33.84,35.1917,1,active,none,1,0.08925
153761854208960,1489,387,10164040,1,2,1,29.8555,33.8555,35.2502,1,active,none,1,0.088958
153761981880223,1493,388,15829777,1,2,1,29.9285,33.9285,35.8995,1,active,none,1,0.090416
153762110534111,1496,389,-12802111,1,2,1,29.9498,33.9498,35.2994,1,active,none,1,0.359625
153762237920707,1500,390,-6879707,1,2,1,30.0051,34.0051,36.2659,1,active,none,1,0.364
153762367078928,1504,391,-2705928,1,2,1,30.0414,34.0414,35.4195,1,active,none,1,0.433125
153762494025399,1508,392,3683601,1,2,1,30.0521,34.0521,35.2914,1,active,none,1,0.091583
153762622084141,1512,393,8954859,1,2,1,30.0542,34.0542,35.4012,1,active,none,1,0.090417
153762750811529,1516,394,13563471,1,2,1,29.9734,33.9734,35.29,1,active,none,1,0.090708
153762877687126,1519,395,-13289126,1,2,1,29.9998,33.9998,35.2997,1,active,none,1,0.090125
153763005955430,1523,396,-8246430,1,2,1,30.0076,34.0076,36.1276,1,active,none,1,0.092167
153763138317423,1527,397,-7362423,1,2,1,29.9535,33.9535,35.5364,1,active,none,1,0.091583
153763262518143,1531,398,1857857,1,2,1,29.9852,33.9852,35.3997,1,active,none,1,0.106166
153763390646302,1535,399,7085698,1,2,1,29.8778,33.8778,35.3968,1,active,none,1,0.093041
153763518057544,1539,400,13006456,1,2,1,29.8758,33.8758,35.2952,1,active,none,1,0.08925
153763646134953,1542,401,-15094953,1,2,1,29.9116,33.9116,35.2817,1,active,none,1,0.089542
153763773937612,1546,402,-9562612,1,2,1,29.818,33.818,35.149,1,active,none,1,0.088959
153763902156770,1550,403,-4426770,1,2,1,29.7868,33.7868,35.1882,1,active,none,1,0.088375
153764029719096,1554,404,1344904,1,2,1,29.599,33.599,35.2124,1,active,none,1,0.087792
153764160920109,1558,405,3465891,1,2,1,29.4327,33.4327,35.1553,1,active,none,1,0.089833
153764286608621,1562,406,11120379,1,2,1,29.3511,33.3511,34.9923,1,active,none,1,0.091583
153764421249114,1566,407,9805886,1,2,1,29.3836,33.3836,35.0392,1,active,none,1,0.090708
153764541662397,1569,408,-10622397,2,2,1,29.3174,33.3174,34.9395,1,active,none,1,0.091583
153764670155285,1573,409,-5779285,1,2,1,29.2436,33.2436,34.8898,1,active,none,1,0.089834
153764798852485,1577,410,-1145485,1,2,1,29.2486,33.2486,34.9702,1,active,none,1,0.371291
153764926435956,1581,411,4605044,1,2,1,29.1389,33.1389,35.8794,1,active,none,1,0.091291
153765053971594,1585,412,10401406,1,2,1,29.1418,33.1418,34.8518,1,active,none,1,0.092167
153765181707170,1589,413,16020830,1,2,1,29.089,33.089,35.2993,1,active,none,1,0.50575
153765309518432,1592,414,-11789432,1,2,1,29.0609,33.0609,35.3223,1,active,none,1,0.1505
153765438824779,1596,415,-7775779,1,2,1,29.1053,33.1053,35.363,1,active,none,1,0.374208
153765568736792,1600,416,-4363792,1,2,1,29.0816,33.0816,35.4102,1,active,none,1,0.090126
153765693461659,1604,417,4246341,1,2,1,29.051,33.051,35.3397,1,active,none,1,0.09275
153765822674525,1608,418,8392475,1,2,1,29.076,33.076,35.515,1,active,none,1,0.093333
153765949961663,1612,419,14437337,1,2,1,29.0677,33.0677,35.3968,1,active,none,1,0.092166
153766077611781,1615,420,-13238781,1,1,1,29.0457,33.0457,35.5364,1,active,none,1,0.092167
153766205795210,1619,421,-8088210,1,1,1,29.1192,33.1192,35.54,1,active,none,1,0.090125
153766333687994,1623,422,-2647994,1,1,1,29.0796,33.0796,35.5321,1,active,none,1,0.358458
153766461135548,1627,423,3239452,1,1,1,29.0951,33.0951,35.6105,1,active,none,1,0.091
153766589186415,1631,424,8523585,1,2,1,29.2427,33.2427,34.9115,1,active,none,1,0.091292
153766716861470,1635,425,14178530,1,2,1,29.2746,33.2746,34.3327,1,active,none,1,0.090708
153766845822628,1638,426,-14837628,1,2,1,29.4799,33.4799,34.4016,1,active,none,1,0.362834
153766973953995,1642,427,-9645995,1,2,1,29.4596,33.4596,34.4797,1,active,none,1,0.08925
153767101681550,1646,428,-3972550,1,2,1,29.5992,33.5992,34.5084,1,active,none,1,0.090125
153767229430105,1650,429,1609895,1,2,1,29.4737,33.4737,34.4076,1,active,none,1,0.090125
153767357409513,1654,430,7012487,1,3,1,29.4367,33.4367,35.1857,1,active,none,1,0.09275
153767485817818,1658,431,11913182,1,3,1,29.3149,33.3149,35.2604,1,active,none,1,0.091583
153767613506872,1661,432,-15799872,1,3,1,29.2287,33.2287,34.1468,1,active,none,1,0.090125
153767741912406,1665,433,-10873406,1,2,1,29.1713,33.1713,34.4766,1,active,none,1,0.08925
153767869401377,1669,434,-5028377,1,3,1,29.0375,33.0375,33.7365,1,active,none,1,0.371292
153767997664140,1673,435,40860,1,2,1,29.0649,33.0649,35.3597,1,active,none,1,0.090708
153768125778153,1677,436,5260847,1,2,1,28.9753,32.9753,35.2366,1,active,none,1,0.089833
153768252772020,1681,437,11601980,1,3,1,28.9307,32.9307,34.1476,1,active,none,1,0.091
153768380888366,1684,438,-16514366,1,2,1,29.0194,33.0194,34.6039,1,active,none,1,0.089542
153768510072796,1688,439,-12361796,1,2,1,28.8516,32.8516,34.284,1,active,none,1,0.244417
153768637622142,1692,440,-6582142,1,2,1,28.7847,32.7847,34.2666,1,active,none,1,0.090416
153768765252863,1696,441,-817863,1,2,1,28.675,32.675,34.3425,1,active,none,1,0.091292
153768893388313,1700,442,4342687,1,2,1,28.6887,32.6887,34.2545,1,active,none,1,0.3605
153769021582389,1704,443,9457611,1,1,1,28.6238,32.6238,34.8215,1,active,none,1,0.089541
153769149337235,1708,444,15037765,1,2,1,28.3714,32.3714,32.5974,1,active,none,1,0.092458
153769278019289,1711,445,-13607289,1,2,1,28.1757,32.1757,32.5815,1,active,none,1,0.254625
153769407376428,1715,446,-9646428,1,2,1,28.1629,32.1629,32.5185,1,active,none,1,0.093916
153769533915878,1719,447,-2851878,1,2,1,28.121,32.121,34.8853,1,active,none,1,0.522666
153769661159120,1723,448,3213880,2,2,1,28.0548,32.0548,32.3829,1,active,none,1,0.398708
153769789371716,1727,449,8335284,1,2,1,28.0523,32.0523,32.4361,1,active,none,1,0.284375
153769916938562,1731,450,14102438,2,2,1,28.0003,32.0003,32.3578,1,active,none,1,0.09625
153770045673679,1734,451,-14636679,2,2,1,27.9605,31.9605,32.2924,1,active,none,1,0.0945
153770173089588,1738,452,-8684588,1,2,1,27.9133,31.9133,32.3099,1,active,none,1,0.378875
153770301639788,1742,453,-3931788,1,2,1,27.9044,31.9044,32.4091,1,active,none,1,2.78542
153770428954488,1746,454,2086512,1,2,1,27.9301,31.9301,34.5387,1,active,none,1,0.095083
153770556947480,1750,455,7427520,1,2,1,27.8844,31.8844,34.5863,1,active,none,1,0.094792
153770685135160,1754,456,12574840,1,2,1,27.8878,31.8878,34.4709,1,active,none,1,0.093334
153770813269006,1757,457,-15562006,1,2,1,27.8964,31.8964,34.5536,1,active,none,1,0.095667
153770941138602,1761,458,-10099602,1,2,1,27.9644,31.9644,34.5005,1,active,none,1,0.093042
153771069362865,1765,459,-5053865,1,2,1,27.9607,31.9607,34.3561,1,active,none,1,0.09275
153771197059066,1769,460,562934,1,2,1,28.0118,32.0118,34.429,1,active,none,1,0.094791
153771325904870,1773,461,5162130,1,2,1,28.0477,32.0477,34.4447,1,active,none,1,0.095083
153771455204071,1777,462,9168929,1,2,1,28.0134,32.0134,34.5499,1,active,none,1,0.093917
153771581967813,1781,463,15764187,1,2,1,27.9303,31.9303,34.3735,1,active,none,1,0.094209
153771709311971,1784,464,-11604971,1,2,1,27.9599,31.9599,34.3368,1,active,none,1,0.093625
153771837635838,1788,465,-6562838,1,2,1,27.9289,31.9289,34.2142,1,active,none,1,0.111125
153771965443601,1792,466,-1002601,1,2,1,27.9035,31.9035,32.6108,1,active,none,1,0.093917
