timestamp_ns,sequence,observed_p50,observed_p90,effective_p50,effective_p90,exposure,gain,exposure_ratio,gain_ratio,thermal_target,dark_condition,state,ramp,brightness,state_changed
1569033428000,0,133,176,20,30,1280,40,0.570152,0.166667,1,1,DARK_PENDING,none,0,1
1569066753000,1,134,179,20,30,1280,40,0.570152,0.166667,1,1,DARK_PENDING,none,0,0
1569100086000,2,130,175,20,30,1280,40,0.570152,0.166667,1,1,DARK_PENDING,none,0,0
1569133420000,3,131,174,20,30,1280,40,0.570152,0.166667,1,1,DARK_PENDING,none,0,0
1569166753000,4,131,175,20,30,1280,40,0.570152,0.166667,1,1,DARK_PENDING,none,0,0
1569200087000,5,131,175,20,30,1280,40,0.570152,0.166667,1,1,DARK_PENDING,none,0,0
1569233420000,6,131,175,20,30,1280,40,0.570152,0.166667,1,1,DARK_PENDING,none,0,0
1569266854000,7,131,175,20,30,1280,40,0.570152,0.166667,1,1,DARK_PENDING,none,0,0
1569300087000,8,131,175,20,30,1280,40,0.570152,0.166667,1,1,DARK_PENDING,none,0,0
1569333420000,9,131,174,20,30,1280,40,0.570152,0.166667,1,1,DARK_PENDING,none,0,0
1569366756000,10,131,175,20,30,1280,40,0.570152,0.166667,1,1,DARK_PENDING,none,0,0
1569400083000,11,131,175,20,30,1280,40,0.570152,0.166667,1,1,DARK_PENDING,none,0,0
1569433419000,12,131,175,20,30,1280,40,0.570152,0.166667,1,1,DARK_PENDING,none,0,0
1569466753000,13,131,175,20,30,1280,40,0.570152,0.166667,1,1,DARK_PENDING,none,0,0
1569500086000,14,131,175,20,30,1280,40,0.570152,0.166667,1,1,DARK_PENDING,none,0,0
1569533420000,15,131,175,20,30,1280,40,0.570152,0.166667,1,1,DARK_PENDING,none,0,0
1569566753000,16,131,175,20,30,1280,40,0.570152,0.166667,1,1,DARK_PENDING,none,0,0
1569600088000,17,131,175,20,30,1280,40,0.570152,0.166667,1,1,DARK_PENDING,none,0,0
1569633420000,18,131,175,20,30,1280,40,0.570152,0.166667,1,1,DARK_PENDING,none,0,0
1569666753000,19,131,175,20,30,1280,40,0.570152,0.166667,1,1,DARK_PENDING,none,0,0
1569700086000,20,131,175,20,30,1280,40,0.570152,0.166667,1,1,DARK_PENDING,none,0,0
1569733419000,21,131,175,20,30,1280,40,0.570152,0.166667,1,1,DARK_PENDING,none,0,0
1569766752000,22,131,175,20,30,1280,40,0.570152,0.166667,1,1,DARK_PENDING,none,0,0
1569800087000,23,131,175,20,30,1280,40,0.570152,0.166667,1,1,DARK_PENDING,none,0,0
1569833420000,24,131,175,20,30,1280,40,0.570152,0.166667,1,1,DARK_PENDING,none,0,0
1569866753000,25,131,175,20,30,1280,40,0.570152,0.166667,1,1,DARK_PENDING,none,0,0
1569900086000,26,131,174,20,30,1280,40,0.570152,0.166667,1,1,DARK_PENDING,none,0,0
1569933420000,27,131,175,20,30,1280,40,0.570152,0.166667,1,1,DARK_PENDING,none,0,0
1569966753000,28,131,174,20,30,1280,40,0.570152,0.166667,1,1,DARK_PENDING,none,0,0
1570000086000,29,131,174,20,30,1280,40,0.570152,0.166667,1,1,DARK_PENDING,none,0,0
1570033420000,30,131,175,20,30,1280,40,0.570152,0.166667,1,1,DARK_PENDING,none,0,0
1570066753000,31,131,175,20,30,1280,40,0.570152,0.166667,1,1,RAMP,up,4,1
1570100087000,32,131,175,20,30,1280,40,0.570152,0.166667,1,1,RAMP,up,4,0
1570133421000,33,131,175,20,30,1280,40,0.570152,0.166667,1,1,RAMP,up,4,0
1570166753000,34,131,175,20,30,1280,40,0.570152,0.166667,1,1,RAMP,up,4,0
1570200086000,35,131,174,20,30,1280,40,0.570152,0.166667,1,1,RAMP,up,4,0
1570233419000,36,131,175,20,30,1280,40,0.570152,0.166667,1,1,RAMP,up,4,0
1570266754000,37,131,174,20,30,1280,40,0.570152,0.166667,1,1,RAMP,up,4,0
1570300086000,38,131,174,20,30,1280,40,0.570152,0.166667,1,1,RAMP,up,4,0
1570333420000,39,131,175,20,30,1280,40,0.570152,0.166667,1,1,RAMP,up,8,0
1570366753000,40,131,175,20,30,1280,40,0.570152,0.166667,1,1,RAMP,up,8,0
1570400087000,41,131,174,20,30,1280,40,0.570152,0.166667,1,1,RAMP,up,8,0
1570433419000,42,131,174,20,30,1280,40,0.570152,0.166667,1,1,RAMP,up,8,0
1570466753000,43,131,175,20,30,1280,40,0.570152,0.166667,1,1,RAMP,up,8,0
1570500086000,44,131,175,20,30,1280,40,0.570152,0.166667,1,1,RAMP,up,8,0
1570533420000,45,131,174,20,30,1280,40,0.570152,0.166667,1,1,RAMP,up,8,0
1570566753000,46,131,175,20,30,1280,40,0.570152,0.166667,1,1,RAMP,up,12,0
1570600087000,47,131,175,20,30,1280,40,0.570152,0.166667,1,1,RAMP,up,12,0
1570633420000,48,131,175,20,30,1280,40,0.570152,0.166667,1,1,RAMP,up,12,0
1570666754000,49,131,174,20,30,1280,40,0.570152,0.166667,1,1,RAMP,up,12,0
1570700086000,50,131,175,20,30,1280,40,0.570152,0.166667,1,1,RAMP,up,12,0
1570733420000,51,131,175,20,30,1280,40,0.570152,0.166667,1,1,RAMP,up,12,0
1570766753000,52,131,175,20,30,1280,40,0.570152,0.166667,1,1,RAMP,up,12,0
1570800188000,53,131,174,20,30,1280,40,0.570152,0.166667,1,1,RAMP,up,12,0
1570833420000,54,131,174,20,30,1280,40,0.570152,0.166667,1,1,RAMP,up,16,0
1570866853000,55,131,174,20,30,1280,40,0.570152,0.166667,1,1,RAMP,up,16,0
1570900086000,56,131,174,20,30,1280,40,0.570152,0.166667,1,1,RAMP,up,16,0
1570933420000,57,131,175,20,30,1280,40,0.570152,0.166667,1,1,RAMP,up,16,0
1570966854000,58,131,174,20,30,1280,40,0.570152,0.166667,1,1,RAMP,up,16,0
1571000083000,59,131,175,20,30,1280,40,0.570152,0.166667,1,1,RAMP,up,16,0
1571033420000,60,131,175,20,30,1280,40,0.570152,0.166667,1,1,RAMP,up,16,0
1571066754000,61,131,175,20,30,1280,40,0.570152,0.166667,1,1,RAMP,up,20,0
1571100084000,62,131,175,20,30,1280,40,0.570152,0.166667,1,1,RAMP,up,20,0
1571133420000,63,131,175,20,30,1280,40,0.570152,0.166667,1,1,RAMP,up,20,0
1571166853000,64,131,175,20,30,1280,40,0.570152,0.166667,1,1,RAMP,up,20,0
1571200087000,65,131,175,20,30,1280,40,0.570152,0.166667,1,1,RAMP,up,20,0
1571233420000,66,131,175,20,30,1280,40,0.570152,0.166667,1,1,RAMP,up,20,0
1571266753000,67,131,174,20,30,1280,40,0.570152,0.166667,1,1,RAMP,up,20,0
1571300086000,68,131,175,20,30,1280,40,0.570152,0.166667,1,1,RAMP,up,20,0
1571333421000,69,131,175,20,30,1280,40,0.570152,0.166667,1,1,RAMP,up,24,0
1571366753000,70,131,175,20,30,1280,40,0.570152,0.166667,1,1,RAMP,up,24,0
1571400083000,71,131,175,20,30,1280,40,0.570152,0.166667,1,1,RAMP,up,24,0
1571433419000,72,131,175,20,30,1280,40,0.570152,0.166667,1,1,RAMP,up,24,0
1571466754000,73,131,175,20,30,1280,40,0.570152,0.166667,1,1,RAMP,up,24,0
1571500086000,74,131,175,20,30,1280,40,0.570152,0.166667,1,1,RAMP,up,24,0
1571533421000,75,131,174,20,30,1280,40,0.570152,0.166667,1,1,RAMP,up,24,0
1571566754000,76,131,175,20,30,1280,40,0.570152,0.166667,1,1,RAMP,up,28,0
1571600087000,77,131,174,20,30,1280,40,0.570152,0.166667,1,1,RAMP,up,28,0
1571633419000,78,131,174,20,30,1280,40,0.570152,0.166667,1,1,RAMP,up,28,0
1571666855000,79,131,174,20,30,1280,40,0.570152,0.166667,1,1,RAMP,up,28,0
1571700084000,80,131,174,20,30,1280,40,0.570152,0.166667,1,1,RAMP,up,28,0
1571733520000,81,131,174,20,30,1280,40,0.570152,0.166667,1,1,RAMP,up,28,0
1571766750000,82,131,174,20,30,1280,40,0.570152,0.166667,1,1,RAMP,up,28,0
1571800187000,83,131,174,20,30,1280,40,0.570152,0.166667,1,1,RAMP,up,28,0
1571833419000,84,131,175,20,30,1280,40,0.570152,0.166667,1,1,ON,none,32,1
1571866754000,85,131,174,20,30,1280,40,0.570152,0.166667,1,1,ON,none,32,0
1571900086000,86,131,175,20,30,1280,40,0.570152,0.166667,1,1,ON,none,32,0
1571933420000,87,131,175,20,30,1280,40,0.570152,0.166667,1,1,ON,none,32,0
1571966754000,88,131,175,20,30,1280,40,0.570152,0.166667,1,1,ON,none,32,0
1572000087000,89,131,174,20,30,1280,40,0.570152,0.166667,1,1,ON,none,32,0
1572033420000,90,131,174,20,30,1280,40,0.570152,0.166667,1,1,ON,none,32,0
1572066754000,91,131,174,20,30,1280,40,0.570152,0.166667,1,1,ON,none,32,0
1572100087000,92,131,174,20,30,1280,40,0.570152,0.166667,1,1,ON,none,32,0
1572133522000,93,131,174,20,30,1280,40,0.570152,0.166667,1,1,ON,none,32,0
1572166750000,94,131,174,20,30,1280,40,0.570152,0.166667,1,1,ON,none,32,0
1572200086000,95,131,174,20,30,1280,40,0.570152,0.166667,1,1,ON,none,32,0
1572233420000,96,131,174,20,30,1280,40,0.570152,0.166667,1,1,ON,none,32,0
1572266753000,97,131,174,20,30,1280,40,0.570152,0.166667,1,1,ON,none,32,0
1572300087000,98,131,174,20,30,1280,40,0.570152,0.166667,1,1,ON,none,32,0
1572333420000,99,131,174,20,30,1280,40,0.570152,0.166667,1,1,ON,none,32,0
1572366753000,100,131,174,20,30,1280,40,0.570152,0.166667,1,1,ON,none,32,0
1572400087000,101,131,174,20,30,1280,40,0.570152,0.166667,1,1,ON,none,32,0
1572433420000,102,131,174,20,30,1280,40,0.570152,0.166667,1,1,ON,none,32,0
1572466753000,103,131,174,20,30,1280,40,0.570152,0.166667,1,1,ON,none,32,0
1572500086000,104,131,174,20,30,1280,40,0.570152,0.166667,1,1,ON,none,32,0
1572533421000,105,131,174,20,30,1280,40,0.570152,0.166667,1,1,ON,none,32,0
1572566753000,106,131,174,20,30,1280,40,0.570152,0.166667,1,1,ON,none,32,0
1572600087000,107,131,174,20,30,1280,40,0.570152,0.166667,1,1,ON,none,32,0
1572633420000,108,131,174,20,30,1280,40,0.570152,0.166667,1,1,ON,none,32,0
1572666753000,109,131,174,20,30,1280,40,0.570152,0.166667,1,1,ON,none,32,0
1572700083000,110,131,174,20,30,1280,40,0.570152,0.166667,1,1,ON,none,32,0
1572733420000,111,131,174,20,30,1280,40,0.570152,0.166667,1,1,ON,none,32,0
1572766754000,112,131,174,20,30,1280,40,0.570152,0.166667,1,1,ON,none,32,0
1572800086000,113,131,174,20,30,1280,40,0.570152,0.166667,1,1,ON,none,32,0
1572833419000,114,131,174,20,30,1280,40,0.570152,0.166667,1,1,ON,none,32,0
1572866753000,115,131,174,20,30,1280,40,0.570152,0.166667,1,1,ON,none,32,0
1572900086000,116,131,174,20,30,1280,40,0.570152,0.166667,0,1,HOLD,none,32,1
1572933417000,117,131,174,20,30,1280,40,0.570152,0.166667,0,1,HOLD,none,32,0
1572966753000,118,131,174,20,30,1280,40,0.570152,0.166667,0,1,HOLD,none,32,0
1573000087000,119,131,174,20,30,1280,40,0.570152,0.166667,0,1,HOLD,none,32,0
1573033417000,120,131,174,20,30,1280,40,0.570152,0.166667,0,1,HOLD,none,32,0
1573066753000,121,131,174,20,30,1280,40,0.570152,0.166667,0,1,HOLD,none,32,0
1573100189000,122,131,174,20,30,1280,40,0.570152,0.166667,0,1,HOLD,none,32,0
1573133417000,123,131,174,20,30,1280,40,0.570152,0.166667,0,1,HOLD,none,32,0
1573166753000,124,131,174,20,30,1280,40,0.570152,0.166667,0,1,HOLD,none,32,0
1573200083000,125,131,174,20,30,1280,40,0.570152,0.166667,0,1,HOLD,none,32,0
1573233419000,126,131,174,20,30,1280,40,0.570152,0.166667,0,1,HOLD,none,32,0
1573266754000,127,131,174,20,30,1280,40,0.570152,0.166667,0,1,HOLD,none,32,0
1573300083000,128,131,174,20,30,1280,40,0.570152,0.166667,0,1,HOLD,none,32,0
1573333520000,129,131,175,20,30,1280,40,0.570152,0.166667,0,1,HOLD,none,32,0
1573366751000,130,131,175,20,30,1280,40,0.570152,0.166667,0,1,HOLD,none,32,0
1573400087000,131,131,174,20,30,1280,40,0.570152,0.166667,0,1,HOLD,none,32,0
1573433420000,132,131,175,20,30,1280,40,0.570152,0.166667,0,1,HOLD,none,32,0
1573466753000,133,131,175,20,30,1280,40,0.570152,0.166667,0,1,HOLD,none,32,0
1573500087000,134,131,175,20,30,1280,40,0.570152,0.166667,0,1,HOLD,none,32,0
1573533420000,135,131,174,20,30,1280,40,0.570152,0.166667,0,1,HOLD,none,32,0
1573566755000,136,131,175,20,30,1280,40,0.570152,0.166667,0,1,HOLD,none,32,0
1573600086000,137,131,174,20,30,1280,40,0.570152,0.166667,0,1,HOLD,none,32,0
1573633420000,138,131,174,20,30,1280,40,0.570152,0.166667,0,1,HOLD,none,32,0
1573666753000,139,131,174,20,30,1280,40,0.570152,0.166667,0,1,HOLD,none,32,0
1573700088000,140,131,174,20,30,1280,40,0.570152,0.166667,0,1,HOLD,none,32,0
1573733420000,141,131,175,20,30,1280,40,0.570152,0.166667,0,1,HOLD,none,32,0
1573766754000,142,131,174,20,30,1280,40,0.570152,0.166667,0,1,HOLD,none,32,0
1573800099000,143,131,174,20,30,1280,40,0.570152,0.166667,0,1,HOLD,none,32,0
1573833420000,144,131,174,20,30,1280,40,0.570152,0.166667,0,1,HOLD,none,32,0
1573866754000,145,131,174,20,30,1280,40,0.570152,0.166667,0,1,HOLD,none,32,0
1573900086000,146,131,174,20,30,1280,40,0.570152,0.166667,0,1,HOLD,none,32,0
1573933522000,147,131,174,20,30,1280,40,0.570152,0.166667,0,1,HOLD,none,32,0
1573966750000,148,131,174,20,30,1280,40,0.570152,0.166667,0,1,HOLD,none,32,0
1574000186000,149,131,174,20,30,1280,40,0.570152,0.166667,0,1,HOLD,none,32,0
1574033420000,150,131,174,20,30,1280,40,0.570152,0.166667,0,1,HOLD,none,32,0
1574066753000,151,131,174,20,30,1280,40,0.570152,0.166667,0,1,HOLD,none,32,0
1574100087000,152,131,174,20,30,1280,40,0.570152,0.166667,0,1,HOLD,none,32,0
1574133420000,153,131,174,20,30,1280,40,0.570152,0.166667,0,1,HOLD,none,32,0
1574166754000,154,130,174,20,30,1280,40,0.570152,0.166667,0,1,HOLD,none,32,0
1574200187000,155,130,174,20,30,1280,40,0.570152,0.166667,0,1,HOLD,none,32,0
1574233416000,156,130,174,20,30,1280,40,0.570152,0.166667,0,1,HOLD,none,32,0
1574266753000,157,130,174,20,30,1280,40,0.570152,0.166667,0,1,HOLD,none,32,0
1574300086000,158,130,174,20,30,1280,40,0.570152,0.166667,0,1,HOLD,none,32,0
1574333420000,159,130,174,20,30,1280,40,0.570152,0.166667,0,1,HOLD,none,32,0
1574366754000,160,130,174,20,30,1280,40,0.570152,0.166667,0,1,HOLD,none,32,0
1574400088000,161,130,174,20,30,1280,40,0.570152,0.166667,0,1,HOLD,none,32,0
1574433420000,162,130,174,20,30,1280,40,0.570152,0.166667,0,1,HOLD,none,32,0
1574466753000,163,130,174,20,30,1280,40,0.570152,0.166667,0,1,HOLD,none,32,0
1574500087000,164,130,174,20,30,1280,40,0.570152,0.166667,0,1,HOLD,none,32,0
1574533420000,165,130,174,20,30,1280,40,0.570152,0.166667,0,1,HOLD,none,32,0
1574566754000,166,130,174,20,30,1280,40,0.570152,0.166667,0,1,HOLD,none,32,0
1574600087000,167,130,174,20,30,1280,40,0.570152,0.166667,0,1,HOLD,none,32,0
1574633420000,168,130,174,20,30,1280,40,0.570152,0.166667,0,1,HOLD,none,32,0
1574666754000,169,130,174,20,30,1280,40,0.570152,0.166667,0,1,HOLD,none,32,0
1574700083000,170,130,174,20,30,1280,40,0.570152,0.166667,0,1,HOLD,none,32,0
1574733421000,171,130,174,20,30,1280,40,0.570152,0.166667,0,1,HOLD,none,32,0
1574766753000,172,130,174,20,30,1280,40,0.570152,0.166667,0,1,HOLD,none,32,0
1574800087000,173,130,174,20,30,1280,40,0.570152,0.166667,0,1,HOLD,none,32,0
1574833417000,174,130,174,20,30,1280,40,0.570152,0.166667,0,1,HOLD,none,32,0
1574866754000,175,130,174,20,30,1280,40,0.570152,0.166667,0,1,HOLD,none,32,0
1574900086000,176,130,174,20,30,1280,40,0.570152,0.166667,0,1,RAMP,down,28,1
1574933420000,177,130,174,20,30,1280,40,0.570152,0.166667,0,1,RAMP,down,28,0
1574966753000,178,130,173,20,30,1280,40,0.570152,0.166667,0,1,RAMP,down,28,0
1575000087000,179,130,174,20,30,1280,40,0.570152,0.166667,0,1,RAMP,down,28,0
1575033417000,180,130,174,20,30,1280,40,0.570152,0.166667,0,1,RAMP,down,28,0
1575066788000,181,130,174,20,30,1280,40,0.570152,0.166667,0,1,RAMP,down,28,0
1575100085000,182,130,174,20,30,1280,40,0.570152,0.166667,0,1,RAMP,down,28,0
1575133420000,183,130,174,20,30,1280,40,0.570152,0.166667,0,1,RAMP,down,28,0
1575166751000,184,130,174,20,30,1280,40,0.570152,0.166667,0,1,RAMP,down,24,0
1575200219000,185,130,174,20,30,1280,40,0.570152,0.166667,0,1,RAMP,down,24,0
1575233417000,186,130,173,20,30,1280,40,0.570152,0.166667,0,1,RAMP,down,24,0
1575266752000,187,130,174,20,30,1280,40,0.570152,0.166667,0,1,RAMP,down,24,0
1575300085000,188,130,174,20,30,1280,40,0.570152,0.166667,0,1,RAMP,down,24,0
1575333521000,189,130,174,20,30,1280,40,0.570152,0.166667,0,1,RAMP,down,24,0
1575366754000,190,130,174,20,30,1280,40,0.570152,0.166667,0,1,RAMP,down,24,0
1575400087000,191,130,174,20,30,1280,40,0.570152,0.166667,0,1,RAMP,down,20,0
1575433521000,192,130,173,20,30,1280,40,0.570152,0.166667,0,1,RAMP,down,20,0
1575466754000,193,130,174,20,30,1280,40,0.570152,0.166667,0,1,RAMP,down,20,0
1575500086000,194,130,173,20,30,1280,40,0.570152,0.166667,0,1,RAMP,down,20,0
1575533420000,195,129,173,20,30,1280,40,0.570152,0.166667,0,1,RAMP,down,20,0
1575566754000,196,129,174,20,30,1280,40,0.570152,0.166667,0,1,RAMP,down,20,0
1575600087000,197,129,174,20,30,1280,40,0.570152,0.166667,0,1,RAMP,down,20,0
1575633420000,198,129,174,20,30,1280,40,0.570152,0.166667,0,1,RAMP,down,20,0
1575666754000,199,129,173,20,30,1280,40,0.570152,0.166667,0,1,RAMP,down,16,0
1575700087000,200,129,173,20,30,1280,40,0.570152,0.166667,0,1,RAMP,down,16,0
1575733421000,201,129,173,20,30,1280,40,0.570152,0.166667,0,1,RAMP,down,16,0
1575766760000,202,129,173,20,30,1280,40,0.570152,0.166667,0,1,RAMP,down,16,0
1575800087000,203,129,174,20,30,1280,40,0.570152,0.166667,0,1,RAMP,down,16,0
1575833420000,204,129,173,20,30,1280,40,0.570152,0.166667,0,1,RAMP,down,16,0
1575866751000,205,129,174,20,30,1280,40,0.570152,0.166667,0,1,RAMP,down,16,0
1575900086000,206,129,174,20,30,1280,40,0.570152,0.166667,0,1,RAMP,down,12,0
1575933421000,207,129,174,20,30,1280,40,0.570152,0.166667,0,1,RAMP,down,12,0
1575966753000,208,129,174,20,30,1280,40,0.570152,0.166667,0,1,RAMP,down,12,0
1576000087000,209,130,174,20,30,1280,40,0.570152,0.166667,0,1,RAMP,down,12,0
1576033420000,210,129,174,20,30,1280,40,0.570152,0.166667,0,1,RAMP,down,12,0
1576066754000,211,129,174,20,30,1280,40,0.570152,0.166667,0,1,RAMP,down,12,0
1576100086000,212,129,174,20,30,1280,40,0.570152,0.166667,0,1,RAMP,down,12,0
1576133421000,213,129,174,20,30,1280,40,0.570152,0.166667,0,1,RAMP,down,12,0
1576166753000,214,129,174,20,30,1280,40,0.570152,0.166667,0,1,RAMP,down,8,0
1576200087000,215,130,174,20,30,1280,40,0.570152,0.166667,0,1,RAMP,down,8,0
1576233420000,216,130,174,20,30,1280,40,0.570152,0.166667,0,1,RAMP,down,8,0
1576266754000,217,130,174,20,30,1280,40,0.570152,0.166667,0,1,RAMP,down,8,0
1576300086000,218,129,174,20,30,1280,40,0.570152,0.166667,0,1,RAMP,down,8,0
1576333420000,219,130,174,20,30,1280,40,0.570152,0.166667,0,1,RAMP,down,8,0
1576366753000,220,129,174,20,30,1280,40,0.570152,0.166667,0,1,RAMP,down,8,0
1576400088000,221,129,174,20,30,1280,40,0.570152,0.166667,0,1,RAMP,down,4,0
1576433419000,222,129,174,20,30,1280,40,0.570152,0.166667,0,1,RAMP,down,4,0
1576466754000,223,129,173,20,30,1280,40,0.570152,0.166667,0,1,RAMP,down,4,0
1576500087000,224,130,173,20,30,1280,40,0.570152,0.166667,0,1,RAMP,down,4,0
1576533421000,225,129,174,20,30,1280,40,0.570152,0.166667,0,1,RAMP,down,4,0
1576566750000,226,130,174,20,30,1280,40,0.570152,0.166667,0,1,RAMP,down,4,0
1576600192000,227,129,173,20,30,1280,40,0.570152,0.166667,0,1,RAMP,down,4,0
1576633420000,228,130,174,20,30,1280,40,0.570152,0.166667,0,1,RAMP,down,4,0
1576666756000,229,130,174,20,30,1280,40,0.570152,0.166667,0,1,COOLDOWN,none,0,1
1576700083000,230,130,174,20,30,1280,40,0.570152,0.166667,0,1,COOLDOWN,none,0,0
1576733441000,231,129,174,20,30,1280,40,0.570152,0.166667,0,1,COOLDOWN,none,0,0
1576766753000,232,129,174,20,30,1280,40,0.570152,0.166667,0,1,COOLDOWN,none,0,0
1576800087000,233,129,173,20,30,1280,40,0.570152,0.166667,0,1,COOLDOWN,none,0,0
1576833417000,234,129,174,20,30,1280,40,0.570152,0.166667,0,1,COOLDOWN,none,0,0
1576866753000,235,129,174,20,30,1280,40,0.570152,0.166667,0,1,COOLDOWN,none,0,0
1576900088000,236,130,174,20,30,1280,40,0.570152,0.166667,0,1,COOLDOWN,none,0,0
1576933419000,237,130,174,20,30,1280,40,0.570152,0.166667,0,1,COOLDOWN,none,0,0
1576966753000,238,129,173,20,30,1280,40,0.570152,0.166667,0,1,COOLDOWN,none,0,0
1577000087000,239,129,174,20,30,1280,40,0.570152,0.166667,0,1,COOLDOWN,none,0,0
1577033421000,240,129,174,20,30,1280,40,0.570152,0.166667,0,1,COOLDOWN,none,0,0
1577066753000,241,129,174,20,30,1280,40,0.570152,0.166667,0,1,COOLDOWN,none,0,0
1577100084000,242,129,174,20,30,1280,40,0.570152,0.166667,0,1,COOLDOWN,none,0,0
1577133420000,243,129,173,20,30,1280,40,0.570152,0.166667,0,1,COOLDOWN,none,0,0
1577166754000,244,129,174,20,30,1280,40,0.570152,0.166667,0,1,COOLDOWN,none,0,0
1577200086000,245,129,173,20,30,1280,40,0.570152,0.166667,0,1,COOLDOWN,none,0,0
1577233421000,246,129,174,20,30,1280,40,0.570152,0.166667,0,1,COOLDOWN,none,0,0
1577266754000,247,129,173,20,30,1280,40,0.570152,0.166667,0,1,COOLDOWN,none,0,0
1577300087000,248,129,173,20,30,1280,40,0.570152,0.166667,0,1,COOLDOWN,none,0,0
1577333419000,249,129,174,20,30,1280,40,0.570152,0.166667,0,1,COOLDOWN,none,0,0
1577366755000,250,129,174,20,30,1280,40,0.570152,0.166667,0,1,COOLDOWN,none,0,0
1577400087000,251,129,173,20,30,1280,40,0.570152,0.166667,0,1,COOLDOWN,none,0,0
1577433419000,252,129,173,20,30,1280,40,0.570152,0.166667,0,1,COOLDOWN,none,0,0
1577466753000,253,129,174,20,30,1280,40,0.570152,0.166667,0,1,COOLDOWN,none,0,0
1577500087000,254,129,174,20,30,1280,40,0.570152,0.166667,0,1,COOLDOWN,none,0,0
1577533421000,255,129,173,20,30,1280,40,0.570152,0.166667,0,1,COOLDOWN,none,0,0
1577566754000,256,129,173,20,30,1280,40,0.570152,0.166667,0,1,COOLDOWN,none,0,0
1577600088000,257,129,173,20,30,1280,40,0.570152,0.166667,0,1,COOLDOWN,none,0,0
1577633421000,258,129,173,20,30,1280,40,0.570152,0.166667,0,1,COOLDOWN,none,0,0
1577666751000,259,129,173,20,30,1280,40,0.570152,0.166667,0,1,COOLDOWN,none,0,0
1577700087000,260,129,173,20,30,1280,40,0.570152,0.166667,0,1,COOLDOWN,none,0,0
1577733421000,261,129,173,20,30,1280,40,0.570152,0.166667,0,1,COOLDOWN,none,0,0
1577766753000,262,129,173,20,30,1280,40,0.570152,0.166667,0,1,COOLDOWN,none,0,0
1577800085000,263,129,173,20,30,1280,40,0.570152,0.166667,0,1,COOLDOWN,none,0,0
1577833521000,264,129,173,20,30,1280,40,0.570152,0.166667,0,1,COOLDOWN,none,0,0
1577866751000,265,129,173,20,30,1280,40,0.570152,0.166667,0,1,COOLDOWN,none,0,0
1577900087000,266,129,173,20,30,1280,40,0.570152,0.166667,0,1,COOLDOWN,none,0,0
1577933418000,267,129,173,20,30,1280,40,0.570152,0.166667,0,1,COOLDOWN,none,0,0
1577966754000,268,129,173,20,30,1280,40,0.570152,0.166667,0,1,COOLDOWN,none,0,0
1578000088000,269,129,173,20,30,1280,40,0.570152,0.166667,0,1,COOLDOWN,none,0,0
1578033420000,270,129,174,20,30,1280,40,0.570152,0.166667,0,1,COOLDOWN,none,0,0
1578066757000,271,129,174,20,30,1280,40,0.570152,0.166667,0,1,COOLDOWN,none,0,0
1578100084000,272,129,174,20,30,1280,40,0.570152,0.166667,0,1,COOLDOWN,none,0,0
1578133420000,273,129,174,20,30,1280,40,0.570152,0.166667,0,1,COOLDOWN,none,0,0
1578166754000,274,129,174,20,30,1280,40,0.570152,0.166667,0,1,COOLDOWN,none,0,0
1578200086000,275,129,174,20,30,1280,40,0.570152,0.166667,0,1,COOLDOWN,none,0,0
1578233421000,276,129,174,20,30,1280,40,0.570152,0.166667,0,1,COOLDOWN,none,0,0
1578266753000,277,129,174,20,30,1280,40,0.570152,0.166667,0,1,COOLDOWN,none,0,0
1578300088000,278,129,174,20,30,1280,40,0.570152,0.166667,0,1,COOLDOWN,none,0,0
1578333421000,279,129,174,20,30,1280,40,0.570152,0.166667,0,1,COOLDOWN,none,0,0
1578366754000,280,129,174,20,30,1280,40,0.570152,0.166667,0,1,COOLDOWN,none,0,0
1578400188000,281,129,173,20,30,1280,40,0.570152,0.166667,0,1,COOLDOWN,none,0,0
1578433420000,282,129,174,20,30,1280,40,0.570152,0.166667,0,1,COOLDOWN,none,0,0
1578466753000,283,129,173,20,30,1280,40,0.570152,0.166667,0,1,COOLDOWN,none,0,0
1578500188000,284,129,174,20,30,1280,40,0.570152,0.166667,0,1,COOLDOWN,none,0,0
1578533421000,285,129,173,20,30,1280,40,0.570152,0.166667,0,1,COOLDOWN,none,0,0
1578566754000,286,129,174,20,30,1280,40,0.570152,0.166667,0,1,COOLDOWN,none,0,0
1578600089000,287,129,173,20,30,1280,40,0.570152,0.166667,0,1,COOLDOWN,none,0,0
1578633421000,288,129,174,20,30,1280,40,0.570152,0.166667,0,1,COOLDOWN,none,0,0
1578666754000,289,129,174,20,30,1280,40,0.570152,0.166667,0,1,COOLDOWN,none,0,0
1578700088000,290,129,174,20,30,1280,40,0.570152,0.166667,0,1,COOLDOWN,none,0,0
1578733421000,291,129,174,20,30,1280,40,0.570152,0.166667,0,1,COOLDOWN,none,0,0
1578766753000,292,129,173,20,30,1280,40,0.570152,0.166667,0,1,COOLDOWN,none,0,0
1578800088000,293,129,173,20,30,1280,40,0.570152,0.166667,0,1,COOLDOWN,none,0,0
1578833421000,294,129,174,20,30,1280,40,0.570152,0.166667,0,1,COOLDOWN,none,0,0
1578866755000,295,129,173,20,30,1280,40,0.570152,0.166667,0,1,COOLDOWN,none,0,0
1578900088000,296,129,174,20,30,1280,40,0.570152,0.166667,0,1,COOLDOWN,none,0,0
1578933420000,297,129,174,20,30,1280,40,0.570152,0.166667,0,1,COOLDOWN,none,0,0
1578966755000,298,129,174,20,30,1280,40,0.570152,0.166667,0,1,COOLDOWN,none,0,0
1579000087000,299,129,174,20,30,1280,40,0.570152,0.166667,0,1,COOLDOWN,none,0,0
1579033421000,300,129,173,20,30,1280,40,0.570152,0.166667,0,1,COOLDOWN,none,0,0
1579066754000,301,129,174,20,30,1280,40,0.570152,0.166667,0,1,COOLDOWN,none,0,0
1579100088000,302,129,173,20,30,1280,40,0.570152,0.166667,0,1,COOLDOWN,none,0,0
1579133420000,303,129,173,20,30,1280,40,0.570152,0.166667,0,1,COOLDOWN,none,0,0
1579166754000,304,129,173,20,30,1280,40,0.570152,0.166667,0,1,COOLDOWN,none,0,0
1579200084000,305,129,173,20,30,1280,40,0.570152,0.166667,0,1,COOLDOWN,none,0,0
1579233420000,306,129,173,20,30,1280,40,0.570152,0.166667,0,1,COOLDOWN,none,0,0
1579266754000,307,129,173,20,30,1280,40,0.570152,0.166667,0,1,COOLDOWN,none,0,0
1579300088000,308,129,173,20,30,1280,40,0.570152,0.166667,0,1,COOLDOWN,none,0,0
1579333421000,309,129,173,20,30,1280,40,0.570152,0.166667,0,1,COOLDOWN,none,0,0
1579366829000,310,129,173,20,30,1280,40,0.570152,0.166667,0,1,COOLDOWN,none,0,0
1579400089000,311,129,173,20,30,1280,40,0.570152,0.166667,0,1,COOLDOWN,none,0,0
1579433421000,312,129,173,20,30,1280,40,0.570152,0.166667,0,1,COOLDOWN,none,0,0
1579466754000,313,129,173,20,30,1280,40,0.570152,0.166667,0,1,COOLDOWN,none,0,0
1579500087000,314,129,173,20,30,1280,40,0.570152,0.166667,0,1,COOLDOWN,none,0,0
1579533421000,315,129,173,20,30,1280,40,0.570152,0.166667,0,1,COOLDOWN,none,0,0
1579566754000,316,129,173,20,30,1280,40,0.570152,0.166667,0,1,COOLDOWN,none,0,0
1579600087000,317,129,173,20,30,1280,40,0.570152,0.166667,0,1,COOLDOWN,none,0,0
1579633421000,318,129,173,20,30,1280,40,0.570152,0.166667,0,1,COOLDOWN,none,0,0
1579666754000,319,129,173,20,30,1280,40,0.570152,0.166667,0,1,COOLDOWN,none,0,0
1579700088000,320,129,173,20,30,1280,40,0.570152,0.166667,0,1,OFF,none,0,1
1579733418000,321,129,173,20,30,1280,40,0.570152,0.166667,0,1,OFF,none,0,0
1579766754000,322,129,173,20,30,1280,40,0.570152,0.166667,0,1,OFF,none,0,0
1579800087000,323,128,173,20,30,1280,40,0.570152,0.166667,0,1,OFF,none,0,0
1579833421000,324,128,173,20,30,1280,40,0.570152,0.166667,0,1,OFF,none,0,0
1579866754000,325,129,173,20,30,1280,40,0.570152,0.166667,0,1,OFF,none,0,0
1579900087000,326,128,173,20,30,1280,40,0.570152,0.166667,0,1,OFF,none,0,0
1579933520000,327,129,173,20,30,1280,40,0.570152,0.166667,0,1,OFF,none,0,0
1579966753000,328,129,173,20,30,1280,40,0.570152,0.166667,0,1,OFF,none,0,0
1580000084000,329,129,173,20,30,1280,40,0.570152,0.166667,0,1,OFF,none,0,0
1580033421000,330,129,173,20,30,1280,40,0.570152,0.166667,0,1,OFF,none,0,0
1580066753000,331,129,173,20,30,1280,40,0.570152,0.166667,0,1,OFF,none,0,0
1580100088000,332,129,173,20,30,1280,40,0.570152,0.166667,0,1,OFF,none,0,0
1580133418000,333,129,173,20,30,1280,40,0.570152,0.166667,0,1,OFF,none,0,0
1580166754000,334,129,173,20,30,1280,40,0.570152,0.166667,0,1,OFF,none,0,0
1580200085000,335,129,173,20,30,1280,40,0.570152,0.166667,0,1,OFF,none,0,0
1580233420000,336,129,173,20,30,1280,40,0.570152,0.166667,0,1,OFF,none,0,0
1580266754000,337,129,173,20,30,1280,40,0.570152,0.166667,0,1,OFF,none,0,0
1580300084000,338,129,173,20,30,1280,40,0.570152,0.166667,0,1,OFF,none,0,0
1580333421000,339,129,173,20,30,1280,40,0.570152,0.166667,0,1,OFF,none,0,0
1580366753000,340,128,173,20,30,1280,40,0.570152,0.166667,0,1,OFF,none,0,0
1580400088000,341,129,173,20,30,1280,40,0.570152,0.166667,0,1,OFF,none,0,0
1580433421000,342,128,173,20,30,1280,40,0.570152,0.166667,0,1,OFF,none,0,0
1580466754000,343,128,173,20,30,1280,40,0.570152,0.166667,0,1,OFF,none,0,0
1580500088000,344,128,173,20,30,1280,40,0.570152,0.166667,0,1,OFF,none,0,0
1580533421000,345,128,173,20,30,1280,40,0.570152,0.166667,0,1,OFF,none,0,0
1580566754000,346,128,173,20,30,1280,40,0.570152,0.166667,0,1,OFF,none,0,0
1580600088000,347,128,173,20,30,1280,40,0.570152,0.166667,0,1,OFF,none,0,0
1580633420000,348,128,173,20,30,1280,40,0.570152,0.166667,0,1,OFF,none,0,0
1580666755000,349,128,173,20,30,1280,40,0.570152,0.166667,0,1,OFF,none,0,0
1580700087000,350,128,173,20,30,1280,40,0.570152,0.166667,0,1,OFF,none,0,0
1580733423000,351,128,173,20,30,1280,40,0.570152,0.166667,0,1,OFF,none,0,0
1580766754000,352,128,173,20,30,1280,40,0.570152,0.166667,0,1,OFF,none,0,0
1580800088000,353,128,173,20,30,1280,40,0.570152,0.166667,0,1,OFF,none,0,0
