timestamp_ns,visible_sequence,thermal_sequence,p50,p90,exposure,gain,exposure_ratio,gain_ratio,alert_active,dark_condition,trigger_condition,state,ramp,brightness,state_changed
1581640220234,10,0,130,175,1280,40,0.570152,0.166667,0,1,0,OFF,none,0,0
1581769164538,14,1,129,175,1280,40,0.570152,0.166667,0,1,0,OFF,none,0,0
1581896850010,18,2,130,175,1280,40,0.570152,0.166667,0,1,0,OFF,none,0,0
1582026324419,22,3,130,175,1280,40,0.570152,0.166667,0,1,0,OFF,none,0,0
1582151823660,25,4,130,175,1280,40,0.570152,0.166667,0,1,0,OFF,none,0,0
1582280445756,29,5,130,174,1280,40,0.570152,0.166667,0,1,0,OFF,none,0,0
1582407764394,33,6,129,174,1280,40,0.570152,0.166667,0,1,0,OFF,none,0,0
1582537354678,37,7,129,174,1280,40,0.570152,0.166667,0,1,0,OFF,none,0,0
1582664317774,41,8,129,174,1280,40,0.570152,0.166667,0,1,0,OFF,none,0,0
1582791856766,45,9,129,174,1280,40,0.570152,0.166667,0,1,0,OFF,none,0,0
1582919331154,49,10,129,174,1280,40,0.570152,0.166667,0,1,0,OFF,none,0,0
1583047971480,52,11,129,174,1280,40,0.570152,0.166667,0,1,0,OFF,none,0,0
1583176557555,56,12,129,174,1280,40,0.570152,0.166667,0,1,0,OFF,none,0,0
1583303232922,60,13,129,174,1280,40,0.570152,0.166667,0,1,0,OFF,none,0,0
1583431319372,64,14,129,173,1280,40,0.570152,0.166667,0,1,0,OFF,none,0,0
1583560036698,68,15,129,173,1280,40,0.570152,0.166667,0,1,0,OFF,none,0,0
1583688140648,72,16,129,173,1280,40,0.570152,0.166667,0,1,0,OFF,none,0,0
1583815368286,75,17,129,173,1280,40,0.570152,0.166667,0,1,0,OFF,none,0,0
1583943961069,79,18,129,174,1280,40,0.570152,0.166667,0,1,0,OFF,none,0,0
1584071387478,83,19,129,174,1280,40,0.570152,0.166667,0,1,0,OFF,none,0,0
1584199635220,87,20,129,174,1280,40,0.570152,0.166667,0,1,0,OFF,none,0,0
1584327076941,91,21,129,174,1280,40,0.570152,0.166667,0,1,0,OFF,none,0,0
1584454778683,95,22,129,174,1280,40,0.570152,0.166667,0,1,0,OFF,none,0,0
1584583351488,98,23,129,174,1280,40,0.570152,0.166667,0,1,0,OFF,none,0,0
1584711934501,102,24,130,174,1280,40,0.570152,0.166667,0,1,1,DARK_PENDING,none,0,1
1584840000389,106,25,130,174,1280,40,0.570152,0.166667,1,1,1,DARK_PENDING,none,0,0
1584966893776,110,26,130,174,1280,40,0.570152,0.166667,1,1,1,DARK_PENDING,none,0,0
1585095586748,114,27,130,174,1280,40,0.570152,0.166667,1,1,1,DARK_PENDING,none,0,0
1585222884677,118,28,130,174,1280,40,0.570152,0.166667,1,1,1,DARK_PENDING,none,0,0
1585350631044,121,29,130,174,1280,40,0.570152,0.166667,1,1,1,DARK_PENDING,none,0,0
1585478863911,125,30,130,174,1280,40,0.570152,0.166667,1,1,1,DARK_PENDING,none,0,0
1585609363174,129,31,130,175,1280,40,0.570152,0.166667,1,1,1,DARK_PENDING,none,0,0
1585734951791,133,32,130,174,1280,40,0.570152,0.166667,1,1,1,RAMP,up,4,1
1585862558450,137,33,130,174,1280,40,0.570152,0.166667,1,1,1,RAMP,up,4,0
1585990608733,141,34,130,174,1280,40,0.570152,0.166667,1,1,1,ON,none,8,1
1586118156038,144,35,130,174,1280,40,0.570152,0.166667,1,1,1,ON,none,8,0
1586246164613,148,36,130,174,1280,40,0.570152,0.166667,1,1,1,ON,none,8,0
1586374324272,152,37,130,174,1280,40,0.570152,0.166667,1,1,1,ON,none,8,0
1586501567660,156,38,130,174,1280,40,0.570152,0.166667,1,1,1,ON,none,8,0
1586629811027,160,39,130,174,1280,40,0.570152,0.166667,1,1,0,HOLD,none,8,1
1586758212769,164,40,130,174,1280,40,0.570152,0.166667,1,1,0,HOLD,none,8,0
1586885747240,168,41,130,174,1280,40,0.570152,0.166667,0,1,0,HOLD,none,8,0
1587013571336,171,42,130,174,1280,40,0.570152,0.166667,0,1,0,HOLD,none,8,0
1587142889933,175,43,130,174,1280,40,0.570152,0.166667,0,1,0,HOLD,none,8,0
1587269899841,179,44,130,174,1280,40,0.570152,0.166667,0,1,0,HOLD,none,8,0
1587398555187,183,45,130,174,1280,40,0.570152,0.166667,0,1,0,HOLD,none,8,0
1587525186679,187,46,130,174,1280,40,0.570152,0.166667,0,1,0,HOLD,none,8,0
1587652885963,191,47,130,175,1280,40,0.570152,0.166667,0,1,0,HOLD,none,8,0
1587781329268,194,48,130,174,1280,40,0.570152,0.166667,0,1,0,HOLD,none,8,0
1587909768197,198,49,130,174,1280,40,0.570152,0.166667,0,1,1,ON,none,8,1
1588036620460,202,50,130,174,1280,40,0.570152,0.166667,1,1,1,ON,none,8,0
1588164706473,206,51,130,174,1280,40,0.570152,0.166667,1,1,1,ON,none,8,0
1588293043610,210,52,130,174,1280,40,0.570152,0.166667,1,1,1,ON,none,8,0
1588420567582,214,53,130,174,1280,40,0.570152,0.166667,1,1,1,ON,none,8,0
1588548681886,217,54,130,174,1280,40,0.570152,0.166667,1,1,1,ON,none,8,0
1588676524649,221,55,130,175,1280,40,0.570152,0.166667,1,1,1,ON,none,8,0
1588804434349,225,56,130,174,1280,40,0.570152,0.166667,1,1,1,ON,none,8,0
1588932208279,229,57,130,174,1280,40,0.570152,0.166667,1,1,1,ON,none,8,0
1589060816375,233,58,130,174,1280,40,0.570152,0.166667,1,1,1,ON,none,8,0
